{
    "name": "GameOriginalImagePack",
    "version": "0.6.2",
    "scriptFileList_earlyload": [],
    "scriptFileList_inject_early": [
        "dist/GameOriginalImagePack.js"
    ],
    "scriptFileList_preload": [
        "dist/preload/preload.js"
    ],
    "scriptFileList": [],
    "styleFileList": [
        "Roschild.ttf.css"
    ],
    "tweeFileList": [],
    "imgFileList": [
        "res/img/CourseOfTemptation_splashlogo.jpg",
        "res/img/phone_bg.jpg",
        "res/img/bg-campus.png",
        "res/img/catpic.png",
        "res/img/CourseOfTemptation.png",
        "res/img/CourseOfTemptation_pfp.png",
        "res/img/CourseOfTemptation_small.png",
        "res/img/CourseOfTemptation_square.png",
        "res/img/Digital-Patreon-Logo_FieryCoral.png",
        "res/img/Digital-Patreon-Wordmark_FieryCoral.png",
        "res/img/discord-logo-blue.png",
        "res/img/ico_attention.png",
        "res/img/ico_bladder.png",
        "res/img/ico_calendar.png",
        "res/img/ico_clock.png",
        "res/img/ico_composure.png",
        "res/img/ico_food.png",
        "res/img/ico_hygiene.png",
        "res/img/ico_money.png",
        "res/img/ico_net_collegecams.png",
        "res/img/ico_net_elkbook.png",
        "res/img/ico_net_findr.png",
        "res/img/ico_net_nichetv.png",
        "res/img/ico_net_utopiaeuphoria.png",
        "res/img/ico_net_wildfantasies.png",
        "res/img/ico_phone_calendar.png",
        "res/img/ico_phone_contacts.png",
        "res/img/ico_phone_internet.png",
        "res/img/ico_phone_message.png",
        "res/img/ico_phone_reminders.png",
        "res/img/ico_relaxation.png",
        "res/img/ico_release.png",
        "res/img/ico_rest.png",
        "res/img/ico_school.png",
        "res/img/ico_sports.png",
        "res/img/locmarker.png",
        "res/img/locmarker_class.png",
        "res/img/locmarker_home.png",
        "res/img/locmarker_party.png",
        "res/img/locmarker_social.png",
        "res/img/locmarker_sportsgame.png",
        "res/img/loc_academic_building.png",
        "res/img/loc_arcade.png",
        "res/img/loc_bus.png",
        "res/img/loc_chamberlain.png",
        "res/img/loc_cinema.png",
        "res/img/loc_class_art.png",
        "res/img/loc_class_basic.png",
        "res/img/loc_class_computer.png",
        "res/img/loc_class_discussion.png",
        "res/img/loc_class_lab.png",
        "res/img/loc_class_lecture.png",
        "res/img/loc_clinic.png",
        "res/img/loc_clinic_recovery.png",
        "res/img/loc_clothingshop.png",
        "res/img/loc_computerlab.png",
        "res/img/loc_deptstore.png",
        "res/img/loc_dorm.png",
        "res/img/loc_fastfood.png",
        "res/img/loc_footballfield.png",
        "res/img/loc_greenhouse.png",
        "res/img/loc_gymrec.png",
        "res/img/loc_gym_locker.png",
        "res/img/loc_gym_main.png",
        "res/img/loc_gym_pool.png",
        "res/img/loc_library.png",
        "res/img/loc_library_mezzanine.png",
        "res/img/loc_mailcenter.png",
        "res/img/loc_market.png",
        "res/img/loc_mediaproductionlab.png",
        "res/img/loc_motellobby.png",
        "res/img/loc_motelroom.png",
        "res/img/loc_park.png",
        "res/img/loc_parking.png",
        "res/img/loc_pornshop.png",
        "res/img/loc_publicrestroom.png",
        "res/img/loc_publicrestroom_ext.png",
        "res/img/loc_quadparty.png",
        "res/img/loc_quadparty_inside.png",
        "res/img/loc_quad_tabletop.png",
        "res/img/loc_reshall.png",
        "res/img/loc_reslaundry.png",
        "res/img/loc_reslounge.png",
        "res/img/loc_resrestroom.png",
        "res/img/loc_resshowers.png",
        "res/img/loc_riverrat.png",
        "res/img/loc_ruralsidewalk.png",
        "res/img/loc_specterjester.png",
        "res/img/loc_street.png",
        "res/img/loc_stylist.png",
        "res/img/loc_tattooshop.png",
        "res/img/loc_trendyclothingshop.png",
        "res/img/map_town.png",
        "res/img/map_town_big.png",
        "res/img/map_univ.png",
        "res/img/map_univ_big.png",
        "res/img/Reddit_Logo_Wordmark_OrangeRed.png",
        "res/img/selfie_femme.png",
        "res/img/selfie_femme_naked.png",
        "res/img/selfie_femme_topless.png",
        "res/img/selfie_femme_underwear.png",
        "res/img/selfie_masc.png",
        "res/img/selfie_masc_naked.png",
        "res/img/selfie_masc_topless.png",
        "res/img/selfie_masc_underwear.png",
        "res/img/ss_a-logotype.png",
        "res/img/teamlogo_falcons.png",
        "res/img/teamlogo_fightingelks.png",
        "res/img/teamlogo_griffins.png",
        "res/img/teamlogo_mongooses.png",
        "res/img/teamlogo_thunderhawks.png",
        "res/img/teamlogo_titans.png",
        "res/img/teamlogo_vipers.png",
        "res/img/teamlogo_wildcats.png",
        "res/img/teamlogo_wolves.png",
        "res/img/tod_afternoon.png",
        "res/img/tod_evening.png",
        "res/img/tod_morning.png",
        "res/img/tod_night.png"
    ],
    "additionFile": [
        "README.md",
        "Roschild.ttf.base64"
    ],
    "addonPlugin": [],
    "dependenceInfo": [{
            "modName": "ModLoader",
            "version": "^2.26.9"
        },
        {
            "modName": "ModLoader ImageLoaderHookCore",
            "version": "^2.18.0"
        },
        {
            "modName": "ModuleCssReplacer",
            "version": "^1.0.0"
        },
        {
            "modName": "ReplacePatcher",
            "version": "^1.2.1"
        }
    ]
}