{
    "name": "ModI18N",
    "version": "v0.6.1a-chs-1.0.2",
    "styleFileList": [],
    "scriptFileList": [],
    "tweeFileList": [],
    "imgFileList": [
        "res/img/map_univ_big.png",
        "res/img/map_town_big.png"
    ],
    "scriptFileList_inject_early": [
        "dist/i18nLoad.js"
    ],
    "scriptFileList_earlyload": [
        "dist/earlyload/earlyload.js"
    ],
    "scriptFileList_preload": [
        "dist/preload/preload.js"
    ],
    "additionFile": [
        "README.md",
        "i18n.json"
    ],
    "addonPlugin": [{
        "modName": "ImageLoaderHook",
        "addonName": "ImageLoaderAddon",
        "modVersion": "^2.12.1",
        "params": []
    }],
    "dependenceInfo": [{
            "modName": "ModLoader",
            "version": "^2.17.0"
        },
        {
            "modName": "GameVersion",
            "version": "=0.6.1-a"
           },
        {
            "modName": "ModLoader ImageLoaderHookCore",
            "version": "^2.12.1"
        }
    ]
}